vendor_number,vendor_name,etl_date
10,"A HARDY / U.S.A., LTD.",2025-02-25T12:42:45.034622
14,"ADAMBA IMPORTS INT'L, INC.",2025-02-25T12:42:45.034622
27,ANHEUSER-BUSCH/LONGTAIL LIBATIONS,2025-02-25T12:42:45.034622
33,BMC IMPORTS,2025-02-25T12:42:45.034622
35,BACARDI USA INC,2025-02-25T12:42:45.034622
51,BARREL HOUSE DISTILLING CO.,2025-02-25T12:42:45.034622
55,SAZERAC NORTH AMERICA,2025-02-25T12:42:45.034622
61,"BIAGIO CRU AND ESTATE WINES, LLC",2025-02-25T12:42:45.034622
65,JIM BEAM BRANDS,2025-02-25T12:42:45.034622
68,"BELMONT FARMS OF VA., INC",2025-02-25T12:42:45.034622
69,BENDISTILLERY,2025-02-25T12:42:45.034622
79,BRECKENRIDGE DISTILLERY / DOUBLE DIAMOND DISTILLERY LLC,2025-02-25T12:42:45.034622
80,BOSTON BEER COMPANY,2025-02-25T12:42:45.034622
82,BUZZBOX BEVERAGES,2025-02-25T12:42:45.034622
85,BROWN FORMAN CORP.,2025-02-25T12:42:45.034622
86,BROADBENT DISTILLERY,2025-02-25T12:42:45.034622
89,TEMPERANCE DISTILING COMPANY,2025-02-25T12:42:45.034622
90,CARRIAGE HOUSE IMPORTS,2025-02-25T12:42:45.034622
91,CASTLE BRANDS,2025-02-25T12:42:45.034622
100,A HARDY USA LTD,2025-02-25T12:42:45.034622
100,AIKO IMPORTERS INC,2025-02-25T12:42:45.034622
101,ARTISAN GRAIN DISTILLERY,2025-02-25T12:42:45.034622
102,BROADSLAB DISTILLERY,2025-02-25T12:42:45.034622
104,"ASDSPIRITS, LLC",2025-02-25T12:42:45.034622
107,BLAUM BROTHERS DISTILLING CO,2025-02-25T12:42:45.034622
108,CVI BRANDS,2025-02-25T12:42:45.034622
109,CASA 1921 LLC,2025-02-25T12:42:45.034622
110,3 BADGE MIXOLOGY,2025-02-25T12:42:45.034622
111,BETTER BRANDS BEV CO,2025-02-25T12:42:45.034622
112,AMERICAN VINTAGE BEVERAGE,2025-02-25T12:42:45.034622
113,CAMPARI,2025-02-25T12:42:45.034622
114,AHA TORO SPIRITS INC,2025-02-25T12:42:45.034622
115,CONSTELLATION BRANDS INC,2025-02-25T12:42:45.034622
116,BAD BEAR ENTERPRISES LLC / LEGENDARY RYE,2025-02-25T12:42:45.034622
118,AMERICAN SPIRITS EXCHANGE,2025-02-25T12:42:45.034622
119,BREUCKELEN DISTILLING,2025-02-25T12:42:45.034622
121,COOPER SPIRITS INTERNATIONAL,2025-02-25T12:42:45.034622
122,COOPER'S CHASE DISTILLERY,2025-02-25T12:42:45.034622
125,CEDAR RIDGE VINEYARDS LL,2025-02-25T12:42:45.034622
127,CLASSIC WINE IMPORTS,2025-02-25T12:42:45.034622
128,CLEAR CREEK DISTILLERY,2025-02-25T12:42:45.034622
130,DISARONNO INTERNATIONAL LLC,2025-02-25T12:42:45.034622
136,HIGH WEST DISTILLERY,2025-02-25T12:42:45.034622
137,ITSKO IMPORTS INC,2025-02-25T12:42:45.034622
138,BOM DIA IMPORTS LLC,2025-02-25T12:42:45.034622
140,"ICONIC BRANDS, INC.",2025-02-25T12:42:45.034622
143,DAKOTA SPIRITS DISTILLERY,2025-02-25T12:42:45.034622
146,LLOYD CARUSO LLC,2025-02-25T12:42:45.034622
150,DREYFUS ASHBY,2025-02-25T12:42:45.034622
154,DUNKEL CORPORATION / IOWA DISTILLING,2025-02-25T12:42:45.034622
155,DOMAINE CHARBAY,2025-02-25T12:42:45.034622
156,DOMAINE SELECT WINE ESTATES,2025-02-25T12:42:45.034622
158,DRY FLY DISTILLING,2025-02-25T12:42:45.034622
160,DRINKS AMERICAS,2025-02-25T12:42:45.034622
161,"DORADO, PIZZORNI & SONS, LLC",2025-02-25T12:42:45.034622
163,STOLLER IMPORTS INC / MARSALLE COMPANY,2025-02-25T12:42:45.034622
164,45TH PARALLEL SPIRITS,2025-02-25T12:42:45.034622
166,SWISS CELLARS,2025-02-25T12:42:45.034622
184,FOUR ROSES DISTILLERY,2025-02-25T12:42:45.034622
185,"EVATON, INC.",2025-02-25T12:42:45.034622
187,KOVAL DISTILLERY,2025-02-25T12:42:45.034622
190,FIRESTARTER SPIRITS INC.,2025-02-25T12:42:45.034622
191,JOURNEYMAN DISTILLERY LLC,2025-02-25T12:42:45.034622
192,"MAST-JAGERMEISTER US, INC",2025-02-25T12:42:45.034622
194,FIRE TAIL BRANDS LLC,2025-02-25T12:42:45.034622
195,SWELL LIQUOR LLC,2025-02-25T12:42:45.034622
196,PHILLY'S PREMIUM BEVERAGES LLC,2025-02-25T12:42:45.034622
197,NATIONAL BROKERS,2025-02-25T12:42:45.034622
198,FRANK-LIN DISTILLERS PRODUCTS LTD.,2025-02-25T12:42:45.034622
203,HONEY CREEK DISTILLERY,2025-02-25T12:42:45.034622
204,HILLROCK ESTATE DISTILLERY,2025-02-25T12:42:45.034622
205,E & J GALLO WINERY,2025-02-25T12:42:45.034622
206,PANTHER DISTILLERY,2025-02-25T12:42:45.034622
207,PARADISE DISTILLING COMPANY,2025-02-25T12:42:45.034622
208,PROST BEVERAGE COMPANY,2025-02-25T12:42:45.034622
209,MINHAS MICRO DISTILLERY,2025-02-25T12:42:45.034622
210,THREE RANGERS,2025-02-25T12:42:45.034622
211,LAPHAM IMPORT CO,2025-02-25T12:42:45.034622
212,SHAND IMPORT LLC,2025-02-25T12:42:45.034622
214,GOAMERICAGO BEVERAGES LLC / WHISTLEPIG,2025-02-25T12:42:45.034622
215,"3-OAKS DISTILLERY, LLC",2025-02-25T12:42:45.034622
216,RUMCOQUI AND CO,2025-02-25T12:42:45.034622
217,MISA IMPORTS INC,2025-02-25T12:42:45.034622
220,BLACK DIRT DISTILLERY,2025-02-25T12:42:45.034622
223,SPIRIT OF HARTFORD,2025-02-25T12:42:45.034622
224,STE. MICHELLE WINE ESTATES,2025-02-25T12:42:45.034622
226,"MADIKWE USA, INC.",2025-02-25T12:42:45.034622
227,ROYAL WORLD SPIRITS,2025-02-25T12:42:45.034622
229,DEHNER DISTILLERY,2025-02-25T12:42:45.034622
231,RS LIPMAN COMPANY LLC,2025-02-25T12:42:45.034622
232,DRIFTLESS GLEN DISTILLERY,2025-02-25T12:42:45.034622
233,WILD AGAVE IMPORTS LLC,2025-02-25T12:42:45.034622
234,EASTSIDE DISTILLING,2025-02-25T12:42:45.034622
235,DEMERARA DISTILLERS (USA) INC.,2025-02-25T12:42:45.034622
239,RUSSIAN STANDARD VODKA,2025-02-25T12:42:45.034622
240,"WILLIAM GRANT AND SONS, INC.",2025-02-25T12:42:45.034622
244,DILAWRI BARRELS LLC,2025-02-25T12:42:45.034622
246,LOUISVILLE DISTILLING CO,2025-02-25T12:42:45.034622
249,CARIBBEAN SPIRITS INC,2025-02-25T12:42:45.034622
250,HOMESTEAD AMERICAN WHISKEY,2025-02-25T12:42:45.034622
251,H A P LLC,2025-02-25T12:42:45.034622
252,LEATHERBEE DISTILLERS,2025-02-25T12:42:45.034622
254,RANSOM SPIRITS LLC,2025-02-25T12:42:45.034622
255,INFINIUM SPIRITS,2025-02-25T12:42:45.034622
256,HAAS BROTHERS,2025-02-25T12:42:45.034622
258,PURPLE VALLEY IMPORTS,2025-02-25T12:42:45.034622
259,HEAVEN HILL BRANDS,2025-02-25T12:42:45.034622
260,DIAGEO AMERICAS,2025-02-25T12:42:45.034622
261,GRAND PRIX BEVERAGE LLC,2025-02-25T12:42:45.034622
263,"HIGH WEST DISTILLERY, LLC",2025-02-25T12:42:45.034622
266,EDRINGTON GROUP USA LLC,2025-02-25T12:42:45.034622
267,IMPERIAL BRANDS INC,2025-02-25T12:42:45.034622
268,IMPEX BEVERAGE INC,2025-02-25T12:42:45.034622
269,VBJ BEVERAGES LLC,2025-02-25T12:42:45.034622
270,"INTERNATIONAL BEVERAGE CO., INC.",2025-02-25T12:42:45.034622
273,HAWAII SEA SPIRITS LLC,2025-02-25T12:42:45.034622
274,"BOFFO BRANDS, LLC",2025-02-25T12:42:45.034622
277,STOLI GROUP,2025-02-25T12:42:45.034622
278,INTERSECT BEVERAGE LLC,2025-02-25T12:42:45.034622
279,TOPA SPIRITS,2025-02-25T12:42:45.034622
280,MACCHU PISCO LLC,2025-02-25T12:42:45.034622
282,INDIO SPIRITS INC,2025-02-25T12:42:45.034622
283,BEST CASE WINES LLC,2025-02-25T12:42:45.034622
284,CHARLES JACQUIN/INDEPENDENT SPIRITS,2025-02-25T12:42:45.034622
285,CHARLES JACQUIN ET CIE,2025-02-25T12:42:45.034622
287,CHATHAM IMPORTS INC,2025-02-25T12:42:45.034622
288,KINDRED SPIRITS OF NORTH AMERICA,2025-02-25T12:42:45.034622
290,KOENIG DISTILLERY INC,2025-02-25T12:42:45.034622
293,JINRO AMERICA INC,2025-02-25T12:42:45.034622
294,JESSE JAMES DISTILLING COMPANY,2025-02-25T12:42:45.034622
295,KOBRAND CORPORATION,2025-02-25T12:42:45.034622
297,LAIRD AND COMPANY,2025-02-25T12:42:45.034622
298,"WHITE ROCK DISTILLERIES, INC.",2025-02-25T12:42:45.034622
300,MCCORMICK DISTILLING CO.,2025-02-25T12:42:45.034622
301,FIFTH GENERATION INC,2025-02-25T12:42:45.034622
305,MHW LTD,2025-02-25T12:42:45.034622
306,MISSISSIPPI RIVER DISTIL,2025-02-25T12:42:45.034622
307,LIQUOR GROUP WHOLESALE,2025-02-25T12:42:45.034622
308,MANGO BOTTLING,2025-02-25T12:42:45.034622
310,MARSALLE COMPANY/STOLLER WAREHOUSE,2025-02-25T12:42:45.034622
311,MODERN SPIRITS,2025-02-25T12:42:45.034622
312,"KLIN SPIRITS, LLC",2025-02-25T12:42:45.034622
313,VISION WINE & SPIRIT LLC,2025-02-25T12:42:45.034622
315,PATRIARCH DISTILLERS LLC / SOLDIER VALLEY SPIRITS,2025-02-25T12:42:45.034622
317,"NEW HOLLAND BREWING COMPANY, LLC",2025-02-25T12:42:45.034622
318,RJ IMPORTERS LLC,2025-02-25T12:42:45.034622
322,PRESTIGE WINE & SPIRITS GROUP,2025-02-25T12:42:45.034622
324,THOME ENTERPRISES LLC,2025-02-25T12:42:45.034622
325,LONELY OAK DISTILLERY,2025-02-25T12:42:45.034622
329,BARON NAHMIAS INC,2025-02-25T12:42:45.034622
330,BMC IMPORTS,2025-02-25T12:42:45.034622
330,GEMINI SPIRITS,2025-02-25T12:42:45.034622
333,COPPER & KINGS AMERICAN BRANDY COMPANY,2025-02-25T12:42:45.034622
334,DES MOINES IMPORTS / DSM IMPORTS LLC,2025-02-25T12:42:45.034622
336,MAVERICK SPIRIT LLC / OREGON SPIRIT DISTILLERS,2025-02-25T12:42:45.034622
338,"MARUSSIA BEVERAGES USA, INC / NICHE IMPORT",2025-02-25T12:42:45.034622
341,PRICHARDS DISTILLERY INC,2025-02-25T12:42:45.034622
342,DV SPIRITS LLC,2025-02-25T12:42:45.034622
343,PACIFIC EDGE WINE & SPIRITS,2025-02-25T12:42:45.034622
346,OLE SMOKY DISTILLERY LLC,2025-02-25T12:42:45.034622
347,NORTH SHORE DISTILLERY,2025-02-25T12:42:45.034622
348,"DRUM CIRCLE DISTILLING, LLC",2025-02-25T12:42:45.034622
350,LUXCO-CLEVELAND,2025-02-25T12:42:45.034622
350,BACARDI USA INC,2025-02-25T12:42:45.034622
351,"TATTERSALL COMPANIES, LLC",2025-02-25T12:42:45.034622
353,"JOHN ERNEST DISTILLERY, INC.",2025-02-25T12:42:45.034622
355,PARK STREET-G'DAY,2025-02-25T12:42:45.034622
356,PARK STREET IMPORTS-HIGH STICK VODKA,2025-02-25T12:42:45.034622
357,PALM BAY INTERNATIONAL,2025-02-25T12:42:45.034622
358,PARK STREET IMPORTS-PHILADELPHIA DIS,2025-02-25T12:42:45.034622
359,PARK STREET IMPORTS-DUKE SPIRITS,2025-02-25T12:42:45.034622
361,PARK STREET IMPORTS-SWEET REVENGE,2025-02-25T12:42:45.034622
363,PATERNO IMPORTS LTD / TERLATO WINES INTERNATIONAL,2025-02-25T12:42:45.034622
365,PARK STREET IMPORTS-VOLI,2025-02-25T12:42:45.034622
367,PARK STREET IMPORTS-HOUSE SPIRITS,2025-02-25T12:42:45.034622
368,PARK STREET IMPORTS,2025-02-25T12:42:45.034622
369,PARK STREET IMPORTS- CABALLEROS,2025-02-25T12:42:45.034622
370,PERNOD RICARD USA,2025-02-25T12:42:45.034622
372,PARK STREET IMPORTS-TANTEO,2025-02-25T12:42:45.034622
373,PRAIRIE CREEK BEVERAGES LLC,2025-02-25T12:42:45.034622
374,PARK STREET IMPORTS-FEW SPIRITS,2025-02-25T12:42:45.034622
375,PARK STREET IMPORTS-BERENTZEN,2025-02-25T12:42:45.034622
376,SAGE BEVERAGES,2025-02-25T12:42:45.034622
377,PARK STREET IMPORTS-VEEV,2025-02-25T12:42:45.034622
379,SQUARE ONE ORGANIC SPIRITS,2025-02-25T12:42:45.034622
380,PHILLIPS BEVERAGE,2025-02-25T12:42:45.034622
381,WINDY HILL SPIRITS,2025-02-25T12:42:45.034622
384,PIEDMONT DISTILLERS INC,2025-02-25T12:42:45.034622
386,"PHENIX BRANDS, LLC",2025-02-25T12:42:45.034622
389,REMY COINTREAU USA INC,2025-02-25T12:42:45.034622
390,QUADRO GROUP LLC,2025-02-25T12:42:45.034622
391,HOTALING & CO,2025-02-25T12:42:45.034622
394,BLACK ROCK SPIRITS,2025-02-25T12:42:45.034622
395,PROXIMO,2025-02-25T12:42:45.034622
397,VALENTINE DISTILLING CO.,2025-02-25T12:42:45.034622
398,GRAND TETON DISTILLERY,2025-02-25T12:42:45.034622
399,ROGUE ALES AND SPIRITS,2025-02-25T12:42:45.034622
402,OZ SPIRITS LLC,2025-02-25T12:42:45.034622
407,ROYAL WINE CORPORATION,2025-02-25T12:42:45.034622
408,MEXCOR INC.,2025-02-25T12:42:45.034622
410,PATRON SPIRITS COMPANY,2025-02-25T12:42:45.034622
411,"SAN LUIS SPIRITS, INC.",2025-02-25T12:42:45.034622
413,SANTA FE TEQUILA COMPANY,2025-02-25T12:42:45.034622
414,SAN BARTOLO FARMS INC.,2025-02-25T12:42:45.034622
415,KOLOA RUM COMPANY,2025-02-25T12:42:45.034622
418,GUNSANDMORE.INFO,2025-02-25T12:42:45.034622
420,MOET HENNESSY USA,2025-02-25T12:42:45.034622
421,SAZERAC COMPANY  INC,2025-02-25T12:42:45.034622
422,MACH FLYNT INC.,2025-02-25T12:42:45.034622
423,INTER WINES GROUP,2025-02-25T12:42:45.034622
425,REBECCA CREEK DISTILLERY LLC,2025-02-25T12:42:45.034622
426,MILE HIGH SPIRITS LLC,2025-02-25T12:42:45.034622
428,"TRAVERSE CITY WHISKEY CO / TCWC, LLC",2025-02-25T12:42:45.034622
431,DRINK DOGG ALCOHOL IMPORTS,2025-02-25T12:42:45.034622
432,SEASHORE MARKETING GROUP,2025-02-25T12:42:45.034622
434,LUXCO INC,2025-02-25T12:42:45.034622
435,TIERRA MADRE LLC,2025-02-25T12:42:45.034622
436,THE HOUSE OF BURGUNDY INC,2025-02-25T12:42:45.034622
437,OPICI IMPORT COMPANY,2025-02-25T12:42:45.034622
439,WORLD TRADE LIQUOR IMPORTS LLC,2025-02-25T12:42:45.034622
442,"O&R VENTURES, LLC",2025-02-25T12:42:45.034622
443,EASTERN LIQUORS USA,2025-02-25T12:42:45.034622
446,STEPHEN AUGUSTUS IMPORTS,2025-02-25T12:42:45.034622
447,STERN BEVERAGE,2025-02-25T12:42:45.034622
448,ST GEORGE SPIRITS INC,2025-02-25T12:42:45.034622
451,SERRALLES USA,2025-02-25T12:42:45.034622
452,"SPEAKEASY SPIRITS, LLC",2025-02-25T12:42:45.034622
454,SALOON SPIRITS LLC,2025-02-25T12:42:45.034622
456,SPIRIT IMPORTS INC,2025-02-25T12:42:45.034622
459,SURVILLE ENTERPRISES CORP,2025-02-25T12:42:45.034622
460,SHAW-ROSS INTERNATIONAL,2025-02-25T12:42:45.034622
461,SKYY SPIRITS INC,2025-02-25T12:42:45.034622
462,TANTEO TEQUILA,2025-02-25T12:42:45.034622
463,THE COUNTRY VINTNER,2025-02-25T12:42:45.034622
465,STANLEY STAWSKI DISTRIBUTING CO.,2025-02-25T12:42:45.034622
468,"TI BEVERAGE GROUP, LTD",2025-02-25T12:42:45.034622
469,TY KU LLC,2025-02-25T12:42:45.034622
470,HEADFRAME SPIRITS,2025-02-25T12:42:45.034622
472,"TEQUILAS PREMIUM, INC",2025-02-25T12:42:45.034622
473,CHURCHILL VINEYARDS,2025-02-25T12:42:45.034622
475,SPIRITS OF THE USA,2025-02-25T12:42:45.034622
476,NORTH TEXAS DISTILLERY,2025-02-25T12:42:45.034622
477,VINO.COM DBA TOTAL BEVERAGE SOLUTION,2025-02-25T12:42:45.034622
478,SUTTER HOME WINERY INC / TRINCHERO FAMILY ESTATES,2025-02-25T12:42:45.034622
479,VIN DIVINO LTD,2025-02-25T12:42:45.034622
481,SUGARLANDS DISTILLING COMPANY LLC,2025-02-25T12:42:45.034622
482,"SOVEREIGN BRANDS, LLC",2025-02-25T12:42:45.034622
483,THE WINE GROUP,2025-02-25T12:42:45.034622
485,BACMAR INTERNATIONAL,2025-02-25T12:42:45.034622
486,VAN GOGH IMPORTS,2025-02-25T12:42:45.034622
487,WINE INTELLIGENCE,2025-02-25T12:42:45.034622
488,VITAL BEVERAGES,2025-02-25T12:42:45.034622
491,OLD SUGAR DISTILLERY,2025-02-25T12:42:45.034622
492,WESTERN SPIRITS BEVERAGE,2025-02-25T12:42:45.034622
493,J & D WINES INC / WOOLER BRANDS,2025-02-25T12:42:45.034622
495,"M.S. WALKER, INC.",2025-02-25T12:42:45.034622
496,WILLETT DISTILLERY,2025-02-25T12:42:45.034622
497,FREDRICK WILDMAN & SON,2025-02-25T12:42:45.034622
501,"WINEBOW, INC.",2025-02-25T12:42:45.034622
502,VODQUILA LLC,2025-02-25T12:42:45.034622
503,"WHYTE AND MACHAY(AMERICAS) LIMITED,L",2025-02-25T12:42:45.034622
504,WOODY CREEK DISTILLERS,2025-02-25T12:42:45.034622
505,CHARBAY DISTILLERS LLC,2025-02-25T12:42:45.034622
506,STRONG SPIRITS DISTILLING,2025-02-25T12:42:45.034622
507,"FIRESTONE & ROBERTSON DISTILLING COMPANY, LLC",2025-02-25T12:42:45.034622
510,MASON DIXON SPIRITS LLC,2025-02-25T12:42:45.034622
511,KINGS COUNTY DISTILLERY,2025-02-25T12:42:45.034622
512,ONE EIGHT DISTILLING LLC,2025-02-25T12:42:45.034622
513,"CARIBBEAN DISTILLERS, LLC",2025-02-25T12:42:45.034622
515,HEMINGWAY RUM COMPANY LLC,2025-02-25T12:42:45.034622
516,HEXA PARTNERS LP,2025-02-25T12:42:45.034622
519,COLORADO GOLD DISTILLERY,2025-02-25T12:42:45.034622
520,LOCAL CHOICE INC,2025-02-25T12:42:45.034622
521,JEM BEVERAGE COMPANY,2025-02-25T12:42:45.034622
522,10TH MOUNTAIN WHISKEY AND SPIRIT COMPANY,2025-02-25T12:42:45.034622
523,ROCK TOWN DISTILLERY,2025-02-25T12:42:45.034622
524,VERIANO FINE FOODS & SPIRITS LTD,2025-02-25T12:42:45.034622
525,CATS EYE DISTILLERY,2025-02-25T12:42:45.034622
528,PHUSION PROJECTS LLC,2025-02-25T12:42:45.034622
531,TRINITY RIVER DISTILLERY LLC,2025-02-25T12:42:45.034622
536,OLD ELK DISTILLERIES LLC,2025-02-25T12:42:45.034622
537,"GLOBAL SPIRITS USA, LLC",2025-02-25T12:42:45.034622
538,"SOUTHWEST SPIRITS & WINE, LLC",2025-02-25T12:42:45.034622
539,GARGOYLE ENTERPRISES / LAWS WHISKEY HOUSE,2025-02-25T12:42:45.034622
540,MEISENBURG BREWING & DISTILLING,2025-02-25T12:42:45.034622
543,"PENNSYLVANIA PURE DISTILLERIES, LLC",2025-02-25T12:42:45.034622
545,CNS IMPORTS; FOUR SEASONS TRADING; CNS WINE & SPIRITS,2025-02-25T12:42:45.034622
547,FETZER VINEYARDS,2025-02-25T12:42:45.034622
548,SOUTHERN ITALY IMPORTS,2025-02-25T12:42:45.034622
549,"GREEN FROG DISTILLERY, LLC",2025-02-25T12:42:45.034622
550,SAZERAC NORTH AMERICA,2025-02-25T12:42:45.034622
552,"RESTLESS SPIRITS DISTILLING COMPANY, LLC",2025-02-25T12:42:45.034622
553,CAFFO BEVERAGES INC,2025-02-25T12:42:45.034622
554,HERITAGE DISTILLING COMPANY,2025-02-25T12:42:45.034622
555,VAN BRUNT STILLHOUSE,2025-02-25T12:42:45.034622
556,BOOT HILL DISTILLERY LLC,2025-02-25T12:42:45.034622
557,"WORLDWIDE LIBATIONS, LLC",2025-02-25T12:42:45.034622
558,ALTAMAR BRANDS LLC,2025-02-25T12:42:45.034622
559,"MID-OAK DISTILLERY, INC.",2025-02-25T12:42:45.034622
560,HEAVENLY SPIRITS LLC,2025-02-25T12:42:45.034622
561,DOC BROWN ENTERPRISES,2025-02-25T12:42:45.034622
564,JACOB RIEGER & COMPANY LLC,2025-02-25T12:42:45.034622
565,FAMOUS BRANDS,2025-02-25T12:42:45.034622
566,"FOUNDRY DISTILLING COMPANY, LLC",2025-02-25T12:42:45.034622
567,LATASI GROUP,2025-02-25T12:42:45.034622
568,21ST CENTURY SPIRITS LLC,2025-02-25T12:42:45.034622
569,STILLWORKS LLC,2025-02-25T12:42:45.034622
573,TEMPLETON DISTILLING LLC,2025-02-25T12:42:45.034622
574,CALEDONIA SPIRITS,2025-02-25T12:42:45.034622
575,TWO SONS IMPORTS LLC,2025-02-25T12:42:45.034622
577,B. T. O. DISTILLERS LLC,2025-02-25T12:42:45.034622
578,S&B FARMS DISTILLERY,2025-02-25T12:42:45.034622
580,MARA IMPORTS,2025-02-25T12:42:45.034622
582,JACKSON HOLE STILL WORKS,2025-02-25T12:42:45.034622
583,"USA WINE WEST, LLC",2025-02-25T12:42:45.034622
584,BLUFF CREEK DISTILLERY,2025-02-25T12:42:45.034622
586,GRAY DUCK SPIRITS LLC,2025-02-25T12:42:45.034622
589,PREMIER DISTRIBUTORS LLC,2025-02-25T12:42:45.034622
591,RICHLAND DISTILLING COMPANY LLC,2025-02-25T12:42:45.034622
592,"BLACK SEA IMPORTS, INC",2025-02-25T12:42:45.034622
594,"AMERICAN HERITAGE DISTILLERS, LLC / CENTURY FARMS DISTILLERY",2025-02-25T12:42:45.034622
600,LUXE VINTAGES LLC,2025-02-25T12:42:45.034622
602,KEEPERS QUEST INC,2025-02-25T12:42:45.034622
603,ST. LOUIS DISTILLERY LLC,2025-02-25T12:42:45.034622
606,SAVAGE & COOKE / SANTA CROCE LLC,2025-02-25T12:42:45.034622
607,"SURO INTERNATIONAL IMPORTERS, INC",2025-02-25T12:42:45.034622
608,WILDERNESS TRAIL DISTILLERY,2025-02-25T12:42:45.034622
609,VIKRE DISTILLERY,2025-02-25T12:42:45.034622
611,"GLOBAL BEVERAGE TEAM, LLC",2025-02-25T12:42:45.034622
614,"DISTILLERS WAY, LLC",2025-02-25T12:42:45.034622
617,MIDWEST LIQUOR COMPANY,2025-02-25T12:42:45.034622
618,HPSEPICUREAN LLC / PREISS IMPORTS,2025-02-25T12:42:45.034622
619,CAMPARI AMERICA,2025-02-25T12:42:45.034622
620,MPL BRANDS NV INC/ PATCO BRANDS,2025-02-25T12:42:45.034622
623,UNITED SPIRITS INC,2025-02-25T12:42:45.034622
624,MOUNTAIN LAUREL SPIRITS LLC,2025-02-25T12:42:45.034622
625,MIDDLE WEST SPIRITS,2025-02-25T12:42:45.034622
626,JDSO INC / RED BOOT DISTILLERY,2025-02-25T12:42:45.034622
631,"SPLINTER GROUP NAPA, LLC",2025-02-25T12:42:45.034622
633,TENN SOUTH DISTILLERY / BIG MACHINE DISTILLERY,2025-02-25T12:42:45.034622
634,"SAGAMORE WHISKEY, LLC",2025-02-25T12:42:45.034622
636,AZZURRE SPIRITS,2025-02-25T12:42:45.034622
638,DC BEVERAGE LLC,2025-02-25T12:42:45.034622
641,CH DISTILLERY / 773 LLC,2025-02-25T12:42:45.034622
642,"JAMES JOSEPH SANCTIFIED SPIRITS, LLC / OAK&EDEN",2025-02-25T12:42:45.034622
643,COUP DE FOUDRE LLC,2025-02-25T12:42:45.034622
644,DOGTOWN DISTILLING / WRIGHT & BROWN DISTILLING CO,2025-02-25T12:42:45.034622
645,ROCKY TOP INVESTMENTS / ROCK RIVER DISTILLATION,2025-02-25T12:42:45.034622
646,PYATT ENTERPRISES LLC,2025-02-25T12:42:45.034622
647,GLASS REVOLUTION IMPORTS,2025-02-25T12:42:45.034622
649,MODERN MATRIARCH,2025-02-25T12:42:45.034622
650,HIGHCLERE CASTLE SPIRITS,2025-02-25T12:42:45.034622
650,JIM BEAM BRANDS,2025-02-25T12:42:45.034622
654,REVELTON DISTILLING COMPANY,2025-02-25T12:42:45.034622
655,"CENTRAL STANDARD, LLC",2025-02-25T12:42:45.034622
657,BE IN GOOD SPIRITS LLC / FRANKLY ORGANIC VODKA,2025-02-25T12:42:45.034622
659,"BUCKTOWN DISTILLING CO., LLC / ARTISAN GRAIN DISTILLERY",2025-02-25T12:42:45.034622
661,BEDFORD & GROVE LLC/ CHANKASKA CREEK AND RANCH WINERY,2025-02-25T12:42:45.034622
662,IA-NATIVE SPIRITS,2025-02-25T12:42:45.034622
663,"DUMBASS WHISKEY, LLC",2025-02-25T12:42:45.034622
664,"RUSH CREEK DISTILLING, LLC",2025-02-25T12:42:45.034622
665,IZTOK LLC / YEBIGA,2025-02-25T12:42:45.034622
666,"NORTHWEST NATURAL SPIRITS, LLC / CASCADE SPIRITS",2025-02-25T12:42:45.034622
671,"SEVEN JARS DISTILLERY, LLC",2025-02-25T12:42:45.034622
673,INTERNATIONAL TRADE ONE CORP,2025-02-25T12:42:45.034622
677,DURHAM DISTILLERY,2025-02-25T12:42:45.034622
684,WOODY CREEK DISTILLERS LLC,2025-02-25T12:42:45.034622
688,COUNTRY SMOOTH SPIRITS,2025-02-25T12:42:45.034622
689,"FAR NORTH SPIRITS, INC.",2025-02-25T12:42:45.034622
690,BENDISTILLERY,2025-02-25T12:42:45.034622
690,TOM'S TOWN DISTILLING CO,2025-02-25T12:42:45.034622
698,"SION FARM DISTILLERY / TWIN CITY ISLAND SPIRITS, INC",2025-02-25T12:42:45.034622
699,BULL RUN DISTILLERY LLC,2025-02-25T12:42:45.034622
702,EGGHEAD TOO LLC/ ARE CONCEPTS,2025-02-25T12:42:45.034622
705,"VALHALLA IMPORTS, LLC",2025-02-25T12:42:45.034622
706,"COWBOY COUNTRY DISTILLING, INC.",2025-02-25T12:42:45.034622
710,"SERENDIPITY WINES, LLC",2025-02-25T12:42:45.034622
712,"BLACKBIRD SPIRITS, LLC / DR. STONERS HERB INFUSED SPIRITS",2025-02-25T12:42:45.034622
714,"NESTOR IMPORTS, INC.",2025-02-25T12:42:45.034622
727,BENCHMARK BEVERAGE COMPANY LLC,2025-02-25T12:42:45.034622
730,PHANTOM V DISTILLING CO,2025-02-25T12:42:45.034622
731,CALLISTO SPIRITS COMPANY,2025-02-25T12:42:45.034622
734,"ELIXIR, INC.",2025-02-25T12:42:45.034622
736,CALIFORNIA TEQUILA INC,2025-02-25T12:42:45.034622
740,"T. EDWARD WINES, LTD.",2025-02-25T12:42:45.034622
742,WILDCAT PRODUCTS LLC,2025-02-25T12:42:45.034622
745,STUMPYS SPIRITS CO,2025-02-25T12:42:45.034622
747,GREEN RIVER DISTILLING COMPANY,2025-02-25T12:42:45.034622
749,GRAYBEARD DISTILLERY INC,2025-02-25T12:42:45.034622
751,DA DUE COMPLIANCE AND LOGISTICS,2025-02-25T12:42:45.034622
752,COPPER STILL DISTILLERY,2025-02-25T12:42:45.034622
753,"TYCOGA VINEYARD & WINERY, LLC",2025-02-25T12:42:45.034622
754,CASA 1921 LLC,2025-02-25T12:42:45.034622
755,WINESOURCE INTERNATIONAL INC.,2025-02-25T12:42:45.034622
756,"LUCA MARIANO DISTILLERY, LLC",2025-02-25T12:42:45.034622
758,DELUXE WINE & SPIRITS CO / MOLDOVA DELUXE,2025-02-25T12:42:45.034622
764,SODA JERK LLC,2025-02-25T12:42:45.034622
766,"HAMILTON DISTILLERS GROUP, INC",2025-02-25T12:42:45.034622
768,LATITUDE BEVERAGE COMPANY,2025-02-25T12:42:45.034622
770,"SANTA FE DISTILLERY, LLC",2025-02-25T12:42:45.034622
772,INTERCONTINENTAL PACKAGING COMPANY/PRESTIGE BEVERAGE GROUP,2025-02-25T12:42:45.034622
775,"BONAVITA BEVERAGE GROUP, LLC",2025-02-25T12:42:45.034622
777,"BLUE OX SPIRITS, INC.",2025-02-25T12:42:45.034622
778,"LONZ WINERY, LLC / ERIE BEVERAGE SOLUTIONS",2025-02-25T12:42:45.034622
779,BOVEDA RESERVE DISTRIBUTION LLC,2025-02-25T12:42:45.034622
780,CLEAR WATER DISTILLING CO,2025-02-25T12:42:45.034622
781,BIG DERBY DISTILLING COMPANY,2025-02-25T12:42:45.034622
782,KINDRED VINES IMPORT CO/ J&J IMPORTERS,2025-02-25T12:42:45.034622
783,CITADEL BEVERAGES,2025-02-25T12:42:45.034622
784,ALTOS PLANOS INC.,2025-02-25T12:42:45.034622
785,MAISON FERRAND USA / COGNAC FERRAND USA INC,2025-02-25T12:42:45.034622
786,BOTTLE TREE BEVERAGE COMPANY LLC / CATHEAD DISTILLERY,2025-02-25T12:42:45.034622
789,SARGE'S SPIRITS LLC,2025-02-25T12:42:45.034622
790,BRECKENRIDGE DISTILLERY,2025-02-25T12:42:45.034622
792,RIVER VALLEY ORCHARDS & WINERY,2025-02-25T12:42:45.034622
793,CEO DISTILLING LLC,2025-02-25T12:42:45.034622
796,173 CRAFT DISTILLERY,2025-02-25T12:42:45.034622
797,UNA FAMILIA SPIRITS LLC,2025-02-25T12:42:45.034622
801,TENNESSEE SHINE CO/XXX DISTILLERY LLC,2025-02-25T12:42:45.034622
803,LEVECKE CORPORATION,2025-02-25T12:42:45.034622
804,SC DISTILLATION LLC / VILLAGE GARAGE DISTILLERY,2025-02-25T12:42:45.034622
805,WMC-PBD LLC/ PINE BLUFFS DISTILLING,2025-02-25T12:42:45.034622
806,TIERRA MADRE LLC / ADOLFO MURILLO,2025-02-25T12:42:45.034622
807,TERRANOVA SPIRITS LLC,2025-02-25T12:42:45.034622
809,GREEN MOUNTAIN ARTISANAL CELLARS LLC/ ARTISANAL CELLARS,2025-02-25T12:42:45.034622
810,WRS CO. LLC / WRS IMPORTS,2025-02-25T12:42:45.034622
812,WILLIAM WRIGHT / BAY AND ROUSE LLC,2025-02-25T12:42:45.034622
816,"LBD COFFEE, LLC",2025-02-25T12:42:45.034622
822,WHIDBEY ISLAND DISTILLERIES LLC,2025-02-25T12:42:45.034622
823,"LYRA,LLC",2025-02-25T12:42:45.034622
824,O'MALLEYS OF WESTON LLC,2025-02-25T12:42:45.034622
825,BUZZARDS ROOST SPIRITS LLC,2025-02-25T12:42:45.034622
826,KNEE-HIGH DISTILLING CO. LLC,2025-02-25T12:42:45.034622
827,"WYCH DR. DISTILLING, LLC",2025-02-25T12:42:45.034622
830,KIRIN BEER & SPIRITS OF AMERICA INC / FOUR ROSES DISTILLERY,2025-02-25T12:42:45.034622
832,ROYAL WINE CORPORATION,2025-02-25T12:42:45.034622
833,JAMES PEPPER DISTILLING CO LLC,2025-02-25T12:42:45.034622
835,"PITTSBURGH SPIRITS, LLC",2025-02-25T12:42:45.034622
837,ONE LIFE SPIRITS LLC,2025-02-25T12:42:45.034622
839,O SO GOOD WINERY & DISTILLERY,2025-02-25T12:42:45.034622
842,"MACK & SCHUHLE, INC.",2025-02-25T12:42:45.034622
843,SANS WINE & SPIRITS CO,2025-02-25T12:42:45.034622
844,DARK ARTS WHISKEY HOUSE LLC,2025-02-25T12:42:45.034622
846,XAMAY GLOBAL SPIRITS LLC,2025-02-25T12:42:45.034622
848,CADRE NOIR LLC / CNI BRANDS,2025-02-25T12:42:45.034622
849,SPIRITS OF TENNESSEE LLC,2025-02-25T12:42:45.034622
850,BROWN FORMAN CORP.,2025-02-25T12:42:45.034622
853,DUNAMIS PREMIUM SPIRITS LLC,2025-02-25T12:42:45.034622
855,GPS CONSULTING LLC/WILDERNESS SPIRITS DISTRIBUTORS,2025-02-25T12:42:45.034622
856,"VALOR BEBIDAS, INC.",2025-02-25T12:42:45.034622
860,BROADBENT VENTURES LLC,2025-02-25T12:42:45.034622
862,KEYNES INTERNATIONAL TRADE CORPORATION,2025-02-25T12:42:45.034622
868,RAICILLA SAN GREGORIO INC,2025-02-25T12:42:45.034622
869,"FOLEY FAMILY WINES, INC.",2025-02-25T12:42:45.034622
870,NEVADA DISTILLING COMPANY LLC,2025-02-25T12:42:45.034622
873,HARD TRUTH DISTILLING COMPANY LLC,2025-02-25T12:42:45.034622
874,NEW RIFF DISTILLING,2025-02-25T12:42:45.034622
875,GOOD SPIRITS DISTILLING LLC,2025-02-25T12:42:45.034622
876,PENNSYLVANIA PURE DISTILLERIES LLC,2025-02-25T12:42:45.034622
878,"15 STARS, LLC",2025-02-25T12:42:45.034622
885,"YAHARA BAY DISTILLERS, INC",2025-02-25T12:42:45.034622
886,GEORGETOWN TRADING CO. LLC,2025-02-25T12:42:45.034622
888,"TRUST ME VODKA, INC.",2025-02-25T12:42:45.034622
890,VICTORY GLOBAL LLC / BROUGH BROTHERS DISTILLERY,2025-02-25T12:42:45.034622
892,"CHACHO SPIRITS / ZJ LIQUORS, LLC",2025-02-25T12:42:45.034622
893,"EOD DISTILLERY, LLC",2025-02-25T12:42:45.034622
897,AMROTH,2025-02-25T12:42:45.034622
899,"KENTUCKY PEERLESS DISTILLING COMPANY, LLC",2025-02-25T12:42:45.034622
900,ATOMIC BRANDS INC,2025-02-25T12:42:45.034622
900,CARRIAGE HOUSE IMPORTS,2025-02-25T12:42:45.034622
901,"UNIFIED SPIRITS, LLC",2025-02-25T12:42:45.034622
902,"ZING ZANG, LLC",2025-02-25T12:42:45.034622
907,DRY FLY DISTILLING,2025-02-25T12:42:45.034622
908,BUZZBALLZ LLC / SOUTHERN CHAMPION,2025-02-25T12:42:45.034622
910,CASTLE BRANDS,2025-02-25T12:42:45.034622
911,FIELD OF DREAMS BEVERAGE COMPANY LLC,2025-02-25T12:42:45.034622
916,ALLTECH BEVERAGE DIVISION LLC,2025-02-25T12:42:45.034622
917,"LONE STAR DISTILLERY, LLC/GARRISON BROTHERS DISTILLERY",2025-02-25T12:42:45.034622
923,"MORE THAN GRAPES, LLC",2025-02-25T12:42:45.034622
924,BALUARTE SPIRITS LLC,2025-02-25T12:42:45.034622
926,"GRATON SPIRITS COMPANY, LLC / PURPLE BRANDS",2025-02-25T12:42:45.034622
927,CHOYA UMESHU USA INC.,2025-02-25T12:42:45.034622
929,APOLOGUE LLC,2025-02-25T12:42:45.034622
930,JOURNEYMAN DISTILLERY LLC,2025-02-25T12:42:45.034622
932,COPPERMUSE INC/COPPERMUSE DISTILLERY,2025-02-25T12:42:45.034622
934,LONG ISLAND SPIRITS INC.,2025-02-25T12:42:45.034622
935,ALAMBIC INC.,2025-02-25T12:42:45.034622
937,OLD LOUISVILLE WHISKEY CO. LLC,2025-02-25T12:42:45.034622
938,NORSEMAN DISTILLERY LLC,2025-02-25T12:42:45.034622
940,"LOCAL DISTILLING, INC.",2025-02-25T12:42:45.034622
942,LALO SPIRITS LLC,2025-02-25T12:42:45.034622
943,"INTERNATIONAL CELLARS, LLC",2025-02-25T12:42:45.034622
945,HARMONY SPIRITS LLC,2025-02-25T12:42:45.034622
946,IROKOS GROUP LLC,2025-02-25T12:42:45.034622
947,LUXURY SPIRITS INTERNATIONAL LLC,2025-02-25T12:42:45.034622
951,KOENIG DISTILLERY INC,2025-02-25T12:42:45.034622
952,"TEMPLETON RYE SPIRITS, LLC",2025-02-25T12:42:45.034622
956,"AMERICAN PREMIUM VODKA, LLC",2025-02-25T12:42:45.034622
958,"ABSINTHIA'S BOTTLED SPIRITS, LLC",2025-02-25T12:42:45.034622
959,WEST BOTTOMS WHISKEY LLC,2025-02-25T12:42:45.034622
960,JUDGE RICHARD DISTILLERY,2025-02-25T12:42:45.034622
962,DUGGANS DISTILLERS,2025-02-25T12:42:45.034622
963,"HUBER ORCHARDS, INC.",2025-02-25T12:42:45.034622
964,"CHUCKER SPIRITS, LLC",2025-02-25T12:42:45.034622
969,AVENIU BRANDS,2025-02-25T12:42:45.034622
971,"HOOD RIVER DISTILLERS, INC.",2025-02-25T12:42:45.034622
977,"WERNER DISTILLING, LLC",2025-02-25T12:42:45.034622
978,W J DEUTSCH & SONS LTD,2025-02-25T12:42:45.034622
987,"STELLAR IMPORTING COMPANY, LLC",2025-02-25T12:42:45.034622
1000,AIKO IMPORTERS INC,2025-02-25T12:42:45.034622
1010,ARTISAN GRAIN DISTILLERY,2025-02-25T12:42:45.034622
1070,BLAUM BROTHERS DISTILLING CO,2025-02-25T12:42:45.034622
1080,CVI BRANDS / CALIFORNIA VINEYARDS INC,2025-02-25T12:42:45.034622
1100,3 BADGE CORPORATION,2025-02-25T12:42:45.034622
1120,AMERICAN VINTAGE BEVERAGE,2025-02-25T12:42:45.034622
1140,AHA TORO SPIRITS INC,2025-02-25T12:42:45.034622
1150,CONSTELLATION BRANDS INC,2025-02-25T12:42:45.034622
1160,BAD BEAR ENTERPRISES LLC,2025-02-25T12:42:45.034622
1180,AMERICAN SPIRITS EXCHANGE,2025-02-25T12:42:45.034622
1210,COOPER SPIRITS INTERNATIONAL,2025-02-25T12:42:45.034622
1250,CEDAR RIDGE VINEYARDS LL,2025-02-25T12:42:45.034622
1300,DISARONNO INTERNATIONAL,2025-02-25T12:42:45.034622
1360,HIGH WEST DISTILLERY LLC,2025-02-25T12:42:45.034622
1460,LLOYD CARUSO LLC,2025-02-25T12:42:45.034622
1500,DREYFUS ASHBY,2025-02-25T12:42:45.034622
1540,DUNKEL CORPORATION / IOWA DISTILLING,2025-02-25T12:42:45.034622
1560,DOMAINE SELECT,2025-02-25T12:42:45.034622
1610,"DORADO, PIZZORNI & SONS, LLC",2025-02-25T12:42:45.034622
1630,MARSALLE COMPANY,2025-02-25T12:42:45.034622
1640,45TH PARALLEL SPIRITS,2025-02-25T12:42:45.034622
1660,SWISS CELLARS,2025-02-25T12:42:45.034622
1840,FOUR ROSES DISTILLERY,2025-02-25T12:42:45.034622
1870,KOVAL DISTILLERY,2025-02-25T12:42:45.034622
1920,"MAST-JAGERMEISTER US, INC",2025-02-25T12:42:45.034622
1950,SWELL LIQUOR LLC,2025-02-25T12:42:45.034622
1980,FRANK LIN DISTILLERS PRO,2025-02-25T12:42:45.034622
2040,HILLROCK ESTATE DISTILLERY,2025-02-25T12:42:45.034622
2050,E & J GALLO WINERY,2025-02-25T12:42:45.034622
2070,PARADISE DISTILLING COMPANY,2025-02-25T12:42:45.034622
2080,PROST BEVERAGE COMPANY,2025-02-25T12:42:45.034622
2090,MINHAS MICRO DISTILLERY,2025-02-25T12:42:45.034622
2100,THREE RANGERS,2025-02-25T12:42:45.034622
2120,SHAND IMPORT LLC,2025-02-25T12:42:45.034622
2140,GOAMERICAGO BEVERAGES LLC / WHISTLEPIG,2025-02-25T12:42:45.034622
2150,"3-OAKS DISTILLERY, LLC",2025-02-25T12:42:45.034622
2160,RUMCOQUI AND CO,2025-02-25T12:42:45.034622
2170,MISA IMPORTS INC,2025-02-25T12:42:45.034622
2230,SPIRIT OF HARTFORD,2025-02-25T12:42:45.034622
2240,STE MICHELLE WINE ESTATES,2025-02-25T12:42:45.034622
2260,MADIKWE USA INC,2025-02-25T12:42:45.034622
2290,DEHNER DISTILLERY,2025-02-25T12:42:45.034622
2310,RS LIPMAN COMPANY LLC,2025-02-25T12:42:45.034622
2320,DRIFTLESS GLEN DISTILLERY,2025-02-25T12:42:45.034622
2330,WILD AGAVE IMPORTS LLC,2025-02-25T12:42:45.034622
2340,EASTSIDE DISTILLING,2025-02-25T12:42:45.034622
2350,DEMERARA DISTILLERS (USA) INC.,2025-02-25T12:42:45.034622
2390,RUSSIAN STANDARD VODKA,2025-02-25T12:42:45.034622
2400,WILLIAM GRANT & SONS INC,2025-02-25T12:42:45.034622
2440,DILAWRI BARRELS LLC,2025-02-25T12:42:45.034622
2490,CARIBBEAN SPIRITS INC,2025-02-25T12:42:45.034622
2510,H A P LLC,2025-02-25T12:42:45.034622
2540,RANSOM SPIRITS LLC,2025-02-25T12:42:45.034622
2550,INFINIUM SPIRITS,2025-02-25T12:42:45.034622
2560,HAAS BROTHERS,2025-02-25T12:42:45.034622
2580,PURPLE VALLEY IMPORTS,2025-02-25T12:42:45.034622
2590,HEAVEN HILL BRANDS,2025-02-25T12:42:45.034622
2600,DIAGEO AMERICAS,2025-02-25T12:42:45.034622
2610,GRAND PRIX BEVERAGE LLC,2025-02-25T12:42:45.034622
2660,EDRINGTON GROUP USA LLC,2025-02-25T12:42:45.034622
2670,IMPERIAL BRANDS INC,2025-02-25T12:42:45.034622
2680,IMPEX BEVERAGE INC,2025-02-25T12:42:45.034622
2690,VBJ BEVERAGES LLC,2025-02-25T12:42:45.034622
2730,HAWAII SEA SPIRITS LLC,2025-02-25T12:42:45.034622
2770,STOLI GROUP,2025-02-25T12:42:45.034622
2790,TOPA SPIRITS,2025-02-25T12:42:45.034622
2800,MACCHU PISCO LLC,2025-02-25T12:42:45.034622
2810,PITTSBURGH DISTILLING COMPANY LLC,2025-02-25T12:42:45.034622
2820,INDIO SPIRITS INC,2025-02-25T12:42:45.034622
2830,BEST CASE WINES LLC,2025-02-25T12:42:45.034622
2850,CHARLES JACQUIN ET CIE,2025-02-25T12:42:45.034622
2870,CHATHAM IMPORTS INC,2025-02-25T12:42:45.034622
2880,KINDRED SPIRIT N AMERICA,2025-02-25T12:42:45.034622
2900,KOENIG DISTILLERY INC,2025-02-25T12:42:45.034622
2930,JINRO AMERICA INC,2025-02-25T12:42:45.034622
2940,LEVECKE CORPORATION JJB,2025-02-25T12:42:45.034622
2950,KOBRAND CORP,2025-02-25T12:42:45.034622
2970,LAIRD & COMPANY,2025-02-25T12:42:45.034622
3000,MCCORMICK DISTILLING CO.,2025-02-25T12:42:45.034622
3010,FIFTH GENERATION INC,2025-02-25T12:42:45.034622
3050,MHW LTD,2025-02-25T12:42:45.034622
3060,MISSISSIPPI RIVER DISTIL,2025-02-25T12:42:45.034622
3080,MANGO BOTTLING,2025-02-25T12:42:45.034622
3100,STOLLLER WAREHOUSE,2025-02-25T12:42:45.034622
3110,MODERN SPIRIT LLC,2025-02-25T12:42:45.034622
3120,KLIN SPIRITS,2025-02-25T12:42:45.034622
3130,VISION WINE & SPIRIT LLC,2025-02-25T12:42:45.034622
3170,"NEW HOLLAND BREWING COMPANY, LLC",2025-02-25T12:42:45.034622
3180,RJ IMPORTERS LLC,2025-02-25T12:42:45.034622
3220,PRESTIGE WINE & SPIRITS GROUP,2025-02-25T12:42:45.034622
3240,THOME ENTERPRISES LLC,2025-02-25T12:42:45.034622
3250,LONELY OAK DISTILLERY,2025-02-25T12:42:45.034622
3300,GEMINI SPIRITS,2025-02-25T12:42:45.034622
3330,COPPER & KINGS AMERICAN BRANDY COMPANY,2025-02-25T12:42:45.034622
3340,DES MOINES IMPORTS,2025-02-25T12:42:45.034622
3360,MAVERICK SPIRIT LLC,2025-02-25T12:42:45.034622
3370,FLEMISH LION LLC,2025-02-25T12:42:45.034622
3380,NICHE IMPORT CO,2025-02-25T12:42:45.034622
3410,PRICHARDS DISTILLERY INC,2025-02-25T12:42:45.034622
3420,DV SPIRITS LLC,2025-02-25T12:42:45.034622
3430,PACIFIC EDGE WINE & SPIRITS,2025-02-25T12:42:45.034622
3460,OLE SMOKY DISTILLERY LLC,2025-02-25T12:42:45.034622
3470,NORTH SHORE DISTILLERY,2025-02-25T12:42:45.034622
3480,"DRUM CIRCLE DISTILLING, LLC",2025-02-25T12:42:45.034622
3490,DOC HERSON'S NATURAL SPIRITS,2025-02-25T12:42:45.034622
3510,"TATTERSALL COMPANIES, LLC",2025-02-25T12:42:45.034622
3530,"JOHN ERNEST DISTILLERY, INC.",2025-02-25T12:42:45.034622
3570,PALM BAY INTERNATIONAL,2025-02-25T12:42:45.034622
3630,PATERNO IMPORTS LTD,2025-02-25T12:42:45.034622
3680,PARK STREET IMPORTS,2025-02-25T12:42:45.034622
3700,PERNOD RICARD USA,2025-02-25T12:42:45.034622
3730,PRAIRIE CREEK BEVERAGES LLC,2025-02-25T12:42:45.034622
3790,SQUARE ONE ORGANIC SPIRITS,2025-02-25T12:42:45.034622
3800,PHILLIPS BEVERAGE,2025-02-25T12:42:45.034622
3840,PIEDMONT DISTILLERS INC,2025-02-25T12:42:45.034622
3890,REMY COINTREAU USA INC,2025-02-25T12:42:45.034622
3900,QUADRO GROUP LLC,2025-02-25T12:42:45.034622
3910,HOTALING & CO,2025-02-25T12:42:45.034622
3940,BLACK ROCK SPIRITS,2025-02-25T12:42:45.034622
3950,PROXIMO,2025-02-25T12:42:45.034622
3970,VALENTINE DISTILLING CO.,2025-02-25T12:42:45.034622
3980,GRAND TETON DISTILLERY,2025-02-25T12:42:45.034622
3990,OREGON BREWING CO,2025-02-25T12:42:45.034622
4020,OZ SPIRITS LLC,2025-02-25T12:42:45.034622
4100,PATRON SPIRITS COMPANY,2025-02-25T12:42:45.034622
4110,"SAN LUIS SPIRITS, INC.",2025-02-25T12:42:45.034622
4150,KOLOA RUM COMPANY,2025-02-25T12:42:45.034622
4180,GUNSANDMORE INFO LLC,2025-02-25T12:42:45.034622
4200,MOET HENNESSY USA,2025-02-25T12:42:45.034622
4210,SAZERAC COMPANY  INC,2025-02-25T12:42:45.034622
4220,MACH FLYNT INC.,2025-02-25T12:42:45.034622
4230,INTER WINES GROUP,2025-02-25T12:42:45.034622
4250,REBECCA CREEK DISTILLERY LLC,2025-02-25T12:42:45.034622
4280,TRAVERSE CITY WHISKEY CO,2025-02-25T12:42:45.034622
4310,DRINK DOGG ALCOHOL IMPORTS,2025-02-25T12:42:45.034622
4340,LUXCO INC,2025-02-25T12:42:45.034622
4370,OPICI IMPORT COMPANY,2025-02-25T12:42:45.034622
4390,WORLD TRADE LIQUOR IMPORTS LLC,2025-02-25T12:42:45.034622
4420,"O&R VENTURES, LLC",2025-02-25T12:42:45.034622
4480,ST GEORGE SPIRITS INC,2025-02-25T12:42:45.034622
4510,SERRALLES USA,2025-02-25T12:42:45.034622
4560,SPIRIT IMPORTS INC,2025-02-25T12:42:45.034622
4590,SURVILLE ENTERPRISES CORP,2025-02-25T12:42:45.034622
4600,SHAW-ROSS INTERNATIONAL,2025-02-25T12:42:45.034622
4610,SKYY SPIRITS INC,2025-02-25T12:42:45.034622
4690,TY KU LLC,2025-02-25T12:42:45.034622
4720,"TEQUILAS PREMIUM, INC",2025-02-25T12:42:45.034622
4730,CHURCHILL VINEYARDS,2025-02-25T12:42:45.034622
4770,VINO COM LLC,2025-02-25T12:42:45.034622
4780,SUTTER HOME WINERY INC / TRINCHERO FAMILY ESTATES,2025-02-25T12:42:45.034622
4790,VIN DIVINO LTD,2025-02-25T12:42:45.034622
4810,SUGARLANDS DISTILLING COMPANY LLC,2025-02-25T12:42:45.034622
4820,"SOVEREIGN BRANDS, LLC",2025-02-25T12:42:45.034622
4920,WESTERN SPIRITS BEVERAGE,2025-02-25T12:42:45.034622
4930,J & D WINES INC / WOOLER BRANDS,2025-02-25T12:42:45.034622
4950,MS WALKER INC,2025-02-25T12:42:45.034622
4970,FREDRICK WILDMAN & SON,2025-02-25T12:42:45.034622
5050,CHARBAY DISTILLERS LLC,2025-02-25T12:42:45.034622
5060,STRONG SPIRITS DISTILLING,2025-02-25T12:42:45.034622
5070,"FIRESTONE & ROBERTSON DISTILLING COMPANY, LLC",2025-02-25T12:42:45.034622
5100,MASON DIXON SPIRITS LLC,2025-02-25T12:42:45.034622
5110,KINGS COUNTRY DISTILLERY,2025-02-25T12:42:45.034622
5120,ONE EIGHT DISTILLING LLC,2025-02-25T12:42:45.034622
5130,"CARIBBEAN DISTILLERS, LLC",2025-02-25T12:42:45.034622
5150,HEMINGWAY RUM COMPANY LLC,2025-02-25T12:42:45.034622
5160,HEXA PARTNERS LP,2025-02-25T12:42:45.034622
5190,COLORADO GOLD DISTILLERY,2025-02-25T12:42:45.034622
5200,LOCAL CHOICE INC,2025-02-25T12:42:45.034622
5210,JEM BEVERAGE COMPANY,2025-02-25T12:42:45.034622
5250,CATS EYE DISTILLERY,2025-02-25T12:42:45.034622
5280,PHUSION PROJECTS LLC,2025-02-25T12:42:45.034622
5360,OLD ELK DISTILLERIES LLC,2025-02-25T12:42:45.034622
5370,"GLOBAL SPIRITS USA, LLC",2025-02-25T12:42:45.034622
5380,"SOUTHWEST SPIRITS & WINE, LLC",2025-02-25T12:42:45.034622
5390,GARGOYLE ENTERPRISES / LAWS WHISKEY HOUSE,2025-02-25T12:42:45.034622
5400,MEISENBURG BREWING & DISTILLING,2025-02-25T12:42:45.034622
5450,CNS IMPORTS; FOUR SEASONS TRADING; CNS WINE & SPIRITS,2025-02-25T12:42:45.034622
5470,FETZER VINEYARDS,2025-02-25T12:42:45.034622
5480,SOUTHERN ITALY IMPORTS,2025-02-25T12:42:45.034622
5490,"GREEN FROG DISTILLERY, LLC",2025-02-25T12:42:45.034622
5520,"RESTLESS SPIRITS DISTILLING COMPANY, LLC",2025-02-25T12:42:45.034622
5530,CAFFO BEVERAGES INC,2025-02-25T12:42:45.034622
5540,HERITAGE DISTILLING COMPANY,2025-02-25T12:42:45.034622
5550,VAN BRUNT STILLHOUSE,2025-02-25T12:42:45.034622
5560,BOOT HILL DISTILLERY LLC,2025-02-25T12:42:45.034622
5570,"WORLDWIDE LIBATIONS, LLC",2025-02-25T12:42:45.034622
5580,ALTAMAR BRANDS LLC,2025-02-25T12:42:45.034622
5590,"MID-OAK DISTILLERY, INC.",2025-02-25T12:42:45.034622
5600,HEAVENLY SPIRITS LLC,2025-02-25T12:42:45.034622
5610,DOC BROWN ENTERPRISES,2025-02-25T12:42:45.034622
5640,JACOB RIEGER & COMPANY LLC,2025-02-25T12:42:45.034622
5650,FAMOUS BRANDS,2025-02-25T12:42:45.034622
5660,"FOUNDRY DISTILLING COMPANY, LLC",2025-02-25T12:42:45.034622
5670,LATASI GROUP,2025-02-25T12:42:45.034622
5690,STILLWORKS LLC,2025-02-25T12:42:45.034622
5730,TEMPLETON DISTILLING LLC,2025-02-25T12:42:45.034622
5740,CALEDONIA SPIRITS,2025-02-25T12:42:45.034622
5750,TWO SONS IMPORTS LLC,2025-02-25T12:42:45.034622
5770,B. T. O. DISTILLERS LLC,2025-02-25T12:42:45.034622
5780,S&B FARMS DISTILLERY,2025-02-25T12:42:45.034622
5800,MARA IMPORTS,2025-02-25T12:42:45.034622
5820,JACKSON HOLE STILL WORKS,2025-02-25T12:42:45.034622
5830,"USA WINE WEST, LLC",2025-02-25T12:42:45.034622
5840,BLUFF CREEK DISTILLERY,2025-02-25T12:42:45.034622
5850,MUTUAL WHOLESALE LIQUOR INC,2025-02-25T12:42:45.034622
5860,GRAY DUCK SPIRITS LLC,2025-02-25T12:42:45.034622
5890,PREMIER DISTRIBUTORS LLC,2025-02-25T12:42:45.034622
5940,"AMERICAN HERITAGE DISTILLERS, LLC",2025-02-25T12:42:45.034622
6020,KEEPERS QUEST INC,2025-02-25T12:42:45.034622
6060,SAVAGE & COOKE / SANTA CROCE LLC,2025-02-25T12:42:45.034622
6070,"SURO INTERNATIONAL IMPORTERS, INC",2025-02-25T12:42:45.034622
6080,WILDERNESS TRAIL DISTILLERY,2025-02-25T12:42:45.034622
6090,VIKRE DISTILLERY,2025-02-25T12:42:45.034622
6110,"GLOBAL BEVERAGE TEAM, LLC",2025-02-25T12:42:45.034622
6140,"DISTILLERS WAY, LLC",2025-02-25T12:42:45.034622
6170,MIDWEST LIQUOR COMPANY,2025-02-25T12:42:45.034622
6180,HPSEPICUREAN LLC / PREISS IMPORTS,2025-02-25T12:42:45.034622
6190,CAMPARI AMERICA,2025-02-25T12:42:45.034622
6200,MPL BRANDS NV INC,2025-02-25T12:42:45.034622
6210,NORDEN SPIRITS LLC,2025-02-25T12:42:45.034622
6220,US STONE CASTLE IMPORTS LLC,2025-02-25T12:42:45.034622
6230,UNITED SPIRITS INC,2025-02-25T12:42:45.034622
6240,MOUNTAIN LAUREL SPIRITS LLC,2025-02-25T12:42:45.034622
6250,MIDDLE WEST SPIRITS,2025-02-25T12:42:45.034622
6260,JDSO INC / RED BOOT DISTILLERY,2025-02-25T12:42:45.034622
6290,"VINTAGE WINE ESTATES, INC",2025-02-25T12:42:45.034622
6310,"SPLINTER GROUP NAPA, LLC",2025-02-25T12:42:45.034622
6330,TENN SOUTH DISTILLERY / BIG MACHINE DISTILLERY,2025-02-25T12:42:45.034622
6340,"SAGAMORE WHISKEY, LLC",2025-02-25T12:42:45.034622
6380,DC BEVERAGE LLC,2025-02-25T12:42:45.034622
6410,CH DISTILLERY / 773 LLC,2025-02-25T12:42:45.034622
6420,"JAMES JOSEPH SANCTIFIED SPIRITS, LLC / OAK&EDEN",2025-02-25T12:42:45.034622
6440,DOGTOWN DISTILLING / WRIGHT & BROWN DISTILLING CO,2025-02-25T12:42:45.034622
6450,ROCKY TOP INVESTMENTS / ROCK RIVER DISTILLATION,2025-02-25T12:42:45.034622
6470,GLASS REVOLUTION IMPORTS,2025-02-25T12:42:45.034622
6490,MODERN MATRIARCH,2025-02-25T12:42:45.034622
6500,HIGHCLERE CASTLE SPIRITS,2025-02-25T12:42:45.034622
6540,REVELTON DISTILLING COMPANY,2025-02-25T12:42:45.034622
6550,"CENTRAL STANDARD, LLC",2025-02-25T12:42:45.034622
6560,"PUENTE INTERNATIONAL, INC.",2025-02-25T12:42:45.034622
6570,BE IN GOOD SPIRITS LLC / FRANKLY ORGANIC VODKA,2025-02-25T12:42:45.034622
6590,"BUCKTOWN DISTILLING CO., LLC / ARTISAN GRAIN DISTILLERY",2025-02-25T12:42:45.034622
6610,BEDFORD & GROVE LLC/ CHANKASKA CREEK AND RANCH WINERY,2025-02-25T12:42:45.034622
6620,IA-NATIVE SPIRITS,2025-02-25T12:42:45.034622
6710,"SEVEN JARS DISTILLERY, LLC",2025-02-25T12:42:45.034622
6730,INTERNATIONAL TRADE ONE CORP,2025-02-25T12:42:45.034622
6750,CUTWATER SPIRITS LLC,2025-02-25T12:42:45.034622
6770,DURHAM DISTILLERY,2025-02-25T12:42:45.034622
6840,WOODY CREEK DISTILLERS LLC,2025-02-25T12:42:45.034622
6850,"MINGLEWOOD DISTILLING COMPANY, LLC",2025-02-25T12:42:45.034622
6860,ALLEGHENY DISTILLING LLC,2025-02-25T12:42:45.034622
6880,COUNTRY SMOOTH SPIRITS,2025-02-25T12:42:45.034622
6900,TOM'S TOWN DISTILLING CO,2025-02-25T12:42:45.034622
6940,CHUCKANUT BAY DISTILLERY,2025-02-25T12:42:45.034622
6980,"SION FARM DISTILLERY / TWIN CITY ISLAND SPIRITS, INC",2025-02-25T12:42:45.034622
7020,EGGHEAD TOO LLC/ ARE CONCEPTS,2025-02-25T12:42:45.034622
7050,"VALHALLA IMPORTS, LLC",2025-02-25T12:42:45.034622
7060,"COWBOY COUNTRY DISTILLING, INC.",2025-02-25T12:42:45.034622
7360,CALIFORNIA TEQUILA INC,2025-02-25T12:42:45.034622
7420,WILDCAT PRODUCTS LLC,2025-02-25T12:42:45.034622
7490,GRAYBEARD DISTILLERY INC,2025-02-25T12:42:45.034622
7720,INTERCONTINENTAL PACKAGING COMPANY/PRESTIGE BEVERAGE GROUP,2025-02-25T12:42:45.034622
7770,"BLUE OX SPIRITS, INC.",2025-02-25T12:42:45.034622
8030,LEVECKE CORPORATION,2025-02-25T12:42:45.034622
8850,YAHARA BAY DISTILLERS INC,2025-02-25T12:42:45.034622
8860,GEORGETOWN TRADING CO. LLC / JAMES PEPPER DISTILLING CO.,2025-02-25T12:42:45.034622
8880,"TRUST ME VODKA, INC.",2025-02-25T12:42:45.034622
9620,DUGGANS DISTILLERS,2025-02-25T12:42:45.034622
9690,A V BRANDS INC,2025-02-25T12:42:45.034622
9710,HOOD RIVER DISTILLERS,2025-02-25T12:42:45.034622
9780,W J DEUTSCH & SONS LTD,2025-02-25T12:42:45.034622